framewise_displacement	trans_x	trans_y	trans_z	rot_x	rot_y	rot_z	eddy_stdevs	original_file	grad_x	grad_y	grad_z	bval	image_mean	series_b0_mean	series_b0_correction	DWIDenoise_pre	DWIDenoise_post	DWIDenoise_change	Gibbs_pre	Gibbs_post	Gibbs_change
n/a	0.0	0.0	0.0	0.0	-0.0	0.0	0.0	sub-21104_ses-2_run-01_dwi.nii.gz	0.0	0.0	0.0	0.0	112.1103027159829	110.2002537987166	1.0	112.38584719072814	112.41883595683238	0.0501486760156518	112.41883595683238	112.1103027159829	0.0518670460782643
0.002794544269567	4.052077045e-05	3.099207383e-05	9.931058787e-06	-2.698869685e-05	1.479682032e-05	-1.247649016e-05	0.0	sub-21104_ses-2_run-01_dwi.nii.gz	0.0	0.0	0.0	0.0	112.19252183793398	110.2002537987166	1.0	112.46689720332576	112.49761692232572	0.0500766835532483	112.49761692232572	112.19252183793398	0.0518771787690654
2.504086378613433	0.07743751964999998	1.84097462	0.09589451018	-0.009042429738	-1.52354869e-05	0.0007392736152	17.2321198	sub-21104_ses-2_run-01_dwi.nii.gz	-0.356405	-0.656078	0.665235	3000.0	24.41097941868409	110.2002537987166	1.0	24.404143361048124	24.42092124437224	0.218642923127907	24.42092124437224	24.41097941868409	0.0642455307151084
2.1241532028889996	0.001938651096	0.468865289	-0.06824409123	0.0008408105931999999	-0.000181035939	0.0009383608704	-17.56153089	sub-21104_ses-2_run-01_dwi.nii.gz	-0.934549	-0.27214	0.229255	3000.0	24.783525174557365	110.2002537987166	1.0	24.778418367346937	24.791602883854683	0.2149725329677704	24.791602883854683	24.783525174557365	0.0636976244751651
1.4214387169159997	-0.07424905354	-0.7924312671	-0.05029346345	0.0005421155365	-0.0003833138326	0.0001192572527	68.1433422	sub-21104_ses-2_run-01_dwi.nii.gz	-0.187003	0.956615	-0.223424	2000.0	31.311827480114577	110.2002537987166	1.0	31.311532501889644	31.33954135574235	0.1724622052817957	31.33954135574235	31.311827480114577	0.0616668346380656
3.24876755042	0.03165791059	2.002579676	0.03436592047	-0.003540528938	-0.0007078852504	0.0009758465458	-16.3303466	sub-21104_ses-2_run-01_dwi.nii.gz	-0.110748	0.119138	0.986682	3000.0	24.700001026670517	110.2002537987166	1.0	24.69194129503653	24.70605230777138	0.2158069634474518	24.70605230777138	24.70000102667052	0.0628770935731772
3.66085232891	-0.04540797172	-0.8959384246999998	-0.1332338686	0.00586470589	-0.0005951951607	0.0001404003269	-9.2757419	sub-21104_ses-2_run-01_dwi.nii.gz	-0.186455	0.956437	-0.224638	1000.0	48.21108815819228	110.2002537987166	1.0	48.27799886621315	48.295357964373615	0.1145977678731607	48.295357964373615	48.21108815819228	0.0541321553313434
2.867558599393343	7.534883343e-06	1.075135138	0.09432171782	-0.004596660379	-0.001176429214	0.001568078878	2.810259995000001	sub-21104_ses-2_run-01_dwi.nii.gz	-0.867419	0.327303	0.374775	3000.0	24.66432867304832	110.2002537987166	1.0	24.649840010078105	24.672604213454505	0.2157900172118104	24.672604213454505	24.66432867304832	0.0643131238670193
1.0323145707616572	0.02232025413	0.2997555528	0.02172077251	-0.002420565113	-0.0009343559504	0.0007458209874999999	-0.9841350600000001	sub-21104_ses-2_run-01_dwi.nii.gz	-0.108129	-0.393639	-0.912883	3000.0	24.58679823405672	110.2002537987166	1.0	24.5704050138574	24.592781278132016	0.2176280184397306	24.592781278132016	24.58679823405672	0.0636077897090475
1.028798915485	0.05395808791	-0.08931013738	-0.1822965873	0.00411974825	0.0002024357964	0.001150276512	18.82437338	sub-21104_ses-2_run-01_dwi.nii.gz	-0.58661	-0.191365	0.786936	2000.0	32.12894277232408	110.2002537987166	1.0	32.14017510707987	32.15856239660187	0.168035469946962	32.15856239660187	32.12894277232408	0.0580410944182528
1.229276122055	-0.04465833142	-0.9276682316	-0.01725905831	0.002452999586	-0.0001872524299	0.001639121212	-17.9629528	sub-21104_ses-2_run-01_dwi.nii.gz	-0.348995	0.905688	-0.240692	3000.0	24.16598811140445	110.2002537987166	1.0	24.150923406399595	24.17644708185685	0.2198920617414461	24.17644708185685	24.16598811140445	0.0665542675285769
2.9047363051049992	0.03041573259	1.459364748	0.05142630008	-0.003701625625	0.0002883822599	0.0007905030507	-1.7029120999999998	sub-21104_ses-2_run-01_dwi.nii.gz	-0.587247	-0.191646	0.786392	1000.0	49.22340073979982	110.2002537987166	1.0	49.28694822373394	49.302382112813575	0.1128975373268641	49.302382112813575	49.22340073979982	0.0518149342899806
2.854500821417	-0.01373272021	-1.018412381	-0.01832575955	-7.472682046e-05	-0.000456382375	0.001675303211	-12.4415884	sub-21104_ses-2_run-01_dwi.nii.gz	-0.470245	0.56516	-0.677837	3000.0	24.2972692908965	110.2002537987166	1.0	24.28641408415218	24.305570256187448	0.2187905501391995	24.305570256187448	24.2972692908965	0.0648841643096594
2.305239131782	0.02836807358	0.9685174115	0.09842620646	-0.002196442802	0.0003145661321	0.00137883611	-0.08671320000000016	sub-21104_ses-2_run-01_dwi.nii.gz	0.664243	-0.557752	-0.497688	3000.0	24.345461988857387	110.2002537987166	1.0	24.32479150919627	24.35236275864836	0.2203359592281517	24.35236275864836	24.345461988857387	0.0647571901397048
2.085727886867	0.001849106858	-0.5463923027	-0.08925974853	0.003938809969	0.000587733055	0.0006549907848	-23.645332500000002	sub-21104_ses-2_run-01_dwi.nii.gz	-0.0644799	-0.00591126	-0.997901	500.0	67.22974372508584	110.2002537987166	1.0	67.34674288233812	67.37441691698625	0.0838235877940635	67.37441691698625	67.22974372508584	0.0491853080563377
0.9800370437594998	0.1131223341	-0.9902846645	0.04721198088	-0.0007205440779	7.316474511999998e-05	6.091863543e-05	-13.6149178	sub-21104_ses-2_run-01_dwi.nii.gz	0.611229	0.648101	-0.454274	3000.0	24.202916726869283	110.2002537987166	1.0	24.18668304358781	24.21113760692999	0.2195111312232353	24.21113760692999	24.202916726869283	0.0654108920265998
2.3308280345175	0.03591063087	0.9481640195	0.01336861791	0.001747533679	0.001125110197	0.002167381113	-12.8987582	sub-21104_ses-2_run-01_dwi.nii.gz	0.843339	-0.324939	-0.428011	2000.0	31.69847034422049	110.2002537987166	1.0	31.70489166036785	31.72401455220597	0.1710147808724117	31.72401455220597	31.69847034422049	0.0579804599318882
2.521125425775	0.07115395027	-1.384373579	-0.02522771121	0.001137145446	-0.0002564428141	0.002470403444	-2.118242499999999	sub-21104_ses-2_run-01_dwi.nii.gz	-0.498936	0.436095	0.748922	3000.0	24.73977469008931	110.2002537987166	1.0	24.727949735449734	24.747617358632127	0.2156842634477499	24.747617358632127	24.73977469008931	0.0650593689550708
2.085960085335	0.03029546916	0.3023692121	0.05258829057	-0.001636943663	-0.001850242959	0.001227436471	-22.465773	sub-21104_ses-2_run-01_dwi.nii.gz	0.972026	-0.0599295	-0.2271	3000.0	24.42554652782509	110.2002537987166	1.0	24.409082262534643	24.431194456900908	0.2184923218713155	24.431194456900908	24.42554652782509	0.0640371085802166
1.02909305322	0.05230171041	0.1184768603	-0.1136501312	0.006431179121	0.001478297636	0.00296989386	14.73569965	sub-21104_ses-2_run-01_dwi.nii.gz	-0.846339	0.326213	0.421064	1000.0	49.23912200085224	110.2002537987166	1.0	49.29628495842782	49.31751304092529	0.1124613477596007	49.31751304092529	49.23912200085224	0.0520807483691803
0.8279548988149998	0.01287507172	-0.3485365453	-0.1414108441	0.003036207054	-0.0002216807625	0.002189761493	-26.738698499999998	sub-21104_ses-2_run-01_dwi.nii.gz	-0.618069	0.289748	-0.730779	3000.0	24.32275002075258	110.2002537987166	1.0	24.31329805996473	24.33075696775549	0.2182816687568944	24.33075696775549	24.32275002075258	0.0636780943228572
1.5538619069575	-0.01762041714	0.431838155	0.1037009645	-0.004604344722	-0.0001515787153	-5.718286775e-05	6.7593065	sub-21104_ses-2_run-01_dwi.nii.gz	0.655555	-0.638366	0.403407	500.0	67.3325316057222	110.2002537987166	1.0	67.45092844545225	67.47280048106262	0.0837665061410122	67.47280048106262	67.3325316057222	0.0486994322081217
1.1967165526425	0.0261293134	-0.1783587768	-0.08190426587	0.001208439004	-0.0002729915432	0.001151913777	-21.314647100000002	sub-21104_ses-2_run-01_dwi.nii.gz	0.549936	0.00892226	0.835159	3000.0	24.729828750109423	110.2002537987166	1.0	24.721014739229027	24.73790782975393	0.2148327165292676	24.73790782975393	24.729828750109423	0.0630366425640105
0.98589858346	0.09649814324	0.4970994081	-0.06413467794	0.004713857546	0.0005922418786	0.001227301429	-6.944181800000001	sub-21104_ses-2_run-01_dwi.nii.gz	0.636595	0.0987968	-0.764844	3000.0	24.4862358123804	110.2002537987166	1.0	24.47694885361552	24.49319384933747	0.2176414772989031	24.49319384933747	24.4862358123804	0.063237818317128
0.753871377605	-0.01867052985	0.3483506014	0.03476807868	-0.000995332608	0.0002524980227	0.002999390243	-12.55386836	sub-21104_ses-2_run-01_dwi.nii.gz	-0.676679	0.0229108	-0.735921	2000.0	31.93861585330093	110.2002537987166	1.0	31.949654195011338	31.966429746065653	0.1694705183783116	31.966429746065653	31.93861585330093	0.057707418364995
0.6562723601740001	-0.01496287356	-0.002508359199	0.1936736339	-0.001816654112	0.00166230544	0.002374515403	-25.235347599999997	sub-21104_ses-2_run-01_dwi.nii.gz	-0.916352	-0.162927	-0.365725	3000.0	24.76893343025879	110.2002537987166	1.0	24.75798122952885	24.777267426335968	0.2149838876411238	24.777267426335968	24.76893343025879	0.0634599942632977
1.768381633641	-0.07286844293	-0.7964744256	-0.1416375147	0.006265461911	0.00127943384	-0.0007844739594	24.140241500000002	sub-21104_ses-2_run-01_dwi.nii.gz	0.681014	-0.0229442	0.731911	1000.0	48.786807743706895	110.2002537987166	1.0	48.83819916855631	48.865360040309255	0.1138956788183021	48.865360040309255	48.786807743706895	0.0521398763491514
2.98940634173	0.01059343575	1.288610386	0.1150567641	-0.0009717526846	0.002251237398	0.00228981534	-15.2327649	sub-21104_ses-2_run-01_dwi.nii.gz	-0.820529	0.0950743	-0.563643	3000.0	24.63907578375679	110.2002537987166	1.0	24.62562169312169	24.6465375212012	0.2167389607921479	24.6465375212012	24.63907578375679	0.0636884862583114
2.0472833425290005	0.0552965284	-0.4148268204	0.083405649	-0.0002119644196	-0.0001247551554	7.575759082e-05	-6.507689100000001	sub-21104_ses-2_run-01_dwi.nii.gz	0.719822	-0.214683	-0.660127	3000.0	24.507614236867404	110.2002537987166	1.0	24.49487528344672	24.51427545747818	0.2181793260477424	24.51427545747818	24.507614236867404	0.0639293538097741
1.558443888844	0.05626643545	0.935758542	0.03111405005	-0.0009136646986	0.0005745525123	0.001766690053	-23.18625047	sub-21104_ses-2_run-01_dwi.nii.gz	-0.257819	-0.595418	-0.760925	2000.0	32.08631174315229	110.2002537987166	1.0	32.09415217939028	32.11444008945271	0.1687403343332373	32.11444008945271	32.08631174315229	0.0585798769703422
2.8481895787939995	0.09438880931	-1.737279946	0.003621804536	-0.001566312625	0.000198022055	0.0006051390083	-2.6869633999999993	sub-21104_ses-2_run-01_dwi.nii.gz	0.0398342	0.740248	-0.671153	3000.0	24.151769264718038	110.2002537987166	1.0	24.13668241370622	24.16005470491159	0.2206445455387458	24.16005470491159	24.15176926471804	0.0659450810650076
3.464550731579	0.07565465208999998	1.451129654	0.1364565003	-0.002800590359	0.0002973343362	0.001762994565	-13.6094719	sub-21104_ses-2_run-01_dwi.nii.gz	-0.257807	-0.594684	-0.761502	1000.0	49.18023221772595	110.2002537987166	1.0	49.23645187704712	49.255979138028415	0.1129989264273115	49.255979138028415	49.18023221772595	0.0521602127302401
4.83595935453	0.04828376356	-2.506900102	-0.122092827	0.006326632109	-0.001463942346	0.0008113060611999998	53.5964369	sub-21104_ses-2_run-01_dwi.nii.gz	0.200605	0.848987	0.488855	3000.0	24.68360723622113	110.2002537987166	1.0	24.665738851095995	24.691297394807545	0.216521418351931	24.691297394807545	24.68360723622113	0.066759084783531
4.16378710792	0.08242571924	0.8632679275	0.1426459651	0.001760255196	0.001412412152	0.003263341263	8.9192384	sub-21104_ses-2_run-01_dwi.nii.gz	-0.304221	0.943542	0.131065	3000.0	24.37345102796235	110.2002537987166	1.0	24.360709246661628	24.38315460377553	0.2186510807510838	24.38315460377553	24.37345102796235	0.0660472527926152
0.7868540727699999	0.1205032167	0.2450582659	0.1307808109	0.001909469254	-0.0007401918992	0.003191124182	0.0	sub-21104_ses-2_run-01_dwi.nii.gz	0.0	0.0	0.0	0.0	109.55864626382449	110.2002537987166	1.0	109.80407470395564	109.83608044223702	0.0514163919030528	109.83608044223702	109.55864626382449	0.0517377533347482
1.5366632679149999	0.07377950732	-0.972378426	0.05964388383	0.00239808904	-0.001982477959	0.0008947112365	-14.034787300000001	sub-21104_ses-2_run-01_dwi.nii.gz	0.734013	0.216009	0.643867	3000.0	24.764676378353684	110.2002537987166	1.0	24.75356261022928	24.77319640166911	0.215429035880766	24.77319640166911	24.764676378353684	0.0638783209664253
2.02704026337	0.1452129347	0.6548711811	-0.01631985743	0.003916034941	-0.0001921844669	0.002634341596	-23.4133724	sub-21104_ses-2_run-01_dwi.nii.gz	-0.344065	0.417527	0.841005	2000.0	32.17034822487176	110.2002537987166	1.0	32.18415910808768	32.19925041845419	0.1677001082532675	32.19925041845419	32.17034822487176	0.0589361149988281
1.2814761200299996	0.1576738264	0.1094765649	0.1603209771	-0.0004572496109	-0.005349430721	0.00122527685	-25.560726190000004	sub-21104_ses-2_run-01_dwi.nii.gz	0.22434	0.0604243	0.972636	3000.0	24.754838780047034	110.2002537987166	1.0	24.748480725623583	24.761949179828274	0.215445602478695	24.761949179828274	24.754838780047034	0.0626030981570073
0.965055561065	0.1486909138	0.2507749951	-0.02210734792	0.009900575504	-0.003305849154	0.001470788033	-24.799850900000003	sub-21104_ses-2_run-01_dwi.nii.gz	-0.344511	0.417637	0.840768	1000.0	49.388729385907	110.2002537987166	1.0	49.45069916855631	49.46750788698876	0.1121134289112109	49.46750788698876	49.388729385907	0.0522882024479924
1.482631801265	0.1712430919	-0.7399306927	0.08151137805	0.003674289677	-0.003606172279	0.0006822927971	-12.6637179	sub-21104_ses-2_run-01_dwi.nii.gz	0.560931	0.814354	-0.148945	3000.0	24.21263989950266	110.2002537987166	1.0	24.20023179642228	24.22068646871473	0.2197584944424744	24.22068646871473	24.21263989950266	0.0657393583277797
2.8318845050235	0.1620636687	1.759757443	0.1179184288	3.731185643e-05	-0.003272001399	0.002443342004	3.6812473	sub-21104_ses-2_run-01_dwi.nii.gz	0.3359	-0.266662	0.903362	3000.0	24.612549013246223	110.2002537987166	1.0	24.59923406399597	24.61892777368979	0.2176259025638395	24.61892777368979	24.612549013246223	0.0632163176344599
2.2914482871534996	0.1122903406	-0.2192951795	0.2522077591	0.0003222958185	-0.001379911206	0.002053756034	-18.244181140000002	sub-21104_ses-2_run-01_dwi.nii.gz	-0.826318	-0.399425	-0.397062	500.0	67.77969677250692	110.2002537987166	1.0	67.90228080120937	67.91869469099979	0.0833261404711238	67.91869469099979	67.77969677250692	0.0481066936252868
1.347794608305	0.05764275837	0.7717674923999999	0.2116200177	-0.002827192424	-0.002867825562	0.001461226377	-22.39009408	sub-21104_ses-2_run-01_dwi.nii.gz	0.765491	-0.442573	0.467068	3000.0	24.459562576070905	110.2002537987166	1.0	24.445600277147896	24.46720073143088	0.2184252758906365	24.46720073143088	24.459562576070905	0.064034450801182
0.91882707843	0.1453533048	1.40069985	0.1711945895	-0.003717462998	-0.001555589261	0.002493894426	-1.7733090999999996	sub-21104_ses-2_run-01_dwi.nii.gz	-0.292836	-0.735955	0.610423	2000.0	31.657856375971917	110.2002537987166	1.0	31.66781431090955	31.687928650779494	0.1713475478819364	31.687928650779494	31.65785637597192	0.0593187795632985
3.092415842625	0.04542817997	-0.9692774322	0.0134324867	0.003847674001	-0.0009216907201000002	0.003589885542	69.69629835	sub-21104_ses-2_run-01_dwi.nii.gz	-0.807256	0.56583	-0.167852	3000.0	24.30569405637632	110.2002537987166	1.0	24.2893039808516	24.31438830408297	0.2193778664431563	24.31438830408297	24.30569405637632	0.0656304260947678
3.780977009725	0.1113408084	2.136834355	0.2042056277	-0.003633354325	-0.001101373229	0.002887007315	15.203971370000001	sub-21104_ses-2_run-01_dwi.nii.gz	0.58521	-0.717396	0.377984	3000.0	24.19114630647367	110.2002537987166	1.0	24.173722600151173	24.198507928010564	0.2225034436104742	24.198507928010564	24.19114630647367	0.0651313884561394
4.35302197191	0.09998711241	-1.462038652	-0.03809462532	0.003018890508	-0.002794797299	0.0012227759	53.5809438	sub-21104_ses-2_run-01_dwi.nii.gz	0.291064	0.732439	-0.615479	1000.0	47.974111489287566	110.2002537987166	1.0	48.029659234064	48.06000286132979	0.1149492758252639	48.06000286132979	47.974111489287566	0.0541313732592316
3.4657590673	0.07959184868999998	1.490255384	0.1339137293	-0.0001908804988	-0.0002729496046	0.001912385458	-34.6220034	sub-21104_ses-2_run-01_dwi.nii.gz	0.942923	-0.331315	-0.0335639	3000.0	24.34208627209497	110.2002537987166	1.0	24.330272108843538	24.34871929211382	0.2189005916995667	24.34871929211382	24.34208627209497	0.0639276630644461
2.71506235314	0.1706951761	-0.582683997	0.1155649843	-0.00297180214	-0.003015208058	-0.003217852442	0.0	sub-21104_ses-2_run-01_dwi.nii.gz	0.0	0.0	0.0	0.0	109.93986735073568	110.2002537987166	1.0	110.1828835978836	110.22976250452628	0.0511675428274279	110.22976250452628	109.93986735073568	0.0520018781916651
2.69179946905	0.1836731989	1.407091532	0.2139429173	-0.007453690283	-0.001693079597	0.002791490639	-12.911293489999998	sub-21104_ses-2_run-01_dwi.nii.gz	-0.168622	-0.466819	0.868128	3000.0	24.521673432517957	110.2002537987166	1.0	24.51207923910305	24.52949771642216	0.2174966978450031	24.52949771642216	24.52167343251796	0.0633802651809434
0.9538032825999998	0.1322928369	0.9513295586	0.1236245786	-0.001175696962	-0.001176779508	0.003124049399	-9.4917131	sub-21104_ses-2_run-01_dwi.nii.gz	-0.788506	-0.480144	-0.384343	3000.0	24.707097399115973	110.2002537987166	1.0	24.69465797430083	24.71509215072428	0.2161224808597015	24.71509215072428	24.707097399115973	0.0638921507629378
2.16394040621475	0.0612299151	-0.7668614218	-0.06197632742	-7.158916105e-06	-0.002596714301	0.001930810278	35.6128169	sub-21104_ses-2_run-01_dwi.nii.gz	-0.361579	0.580449	-0.729616	2000.0	31.31832572878158	110.2002537987166	1.0	31.326195515243136	31.34839548108251	0.1722788428568822	31.34839548108251	31.31832572878158	0.0603504736028568
4.10510950619975	0.158341312	2.620615122	0.1819208954	-0.004351387732	0.0001512116287	0.002371142386	23.7358801	sub-21104_ses-2_run-01_dwi.nii.gz	-0.253119	-0.961651	0.105628	3000.0	24.29449751301553	110.2002537987166	1.0	24.2809517510708	24.30190255425732	0.2212159972680911	24.30190255425732	24.29449751301553	0.0654277101773756
5.711905081304999	0.06118281318	-2.19009691	-0.1290268679	0.002720315242	-0.001503115287	0.001235436532	68.3923877	sub-21104_ses-2_run-01_dwi.nii.gz	-0.361291	0.579652	-0.730392	1000.0	47.98526478460728	110.2002537987166	1.0	48.02981418493323	48.06746328250364	0.1153229773827959	48.06746328250364	47.98526478460728	0.054573188690896
6.061158902645	0.1459675256	2.860309352	0.1633402696	-0.007562129293	-0.0005906727165	0.002712565241	47.06091209	sub-21104_ses-2_run-01_dwi.nii.gz	0.00383211	-0.921381	0.388642	3000.0	24.198124056281586	110.2002537987166	1.0	24.19182476694381	24.206089381850195	0.2219017770936842	24.206089381850195	24.198124056281586	0.0654938169803045
6.083545780784999	0.08842100502	-1.972184628	-0.1840140129	0.004991349299	-0.002881362103	0.0006337132654	95.12015293	sub-21104_ses-2_run-01_dwi.nii.gz	0.915642	0.393452	0.0824296	3000.0	24.494856945770437	110.2002537987166	1.0	24.47145817586294	24.501786156535125	0.2185383448074763	24.501786156535125	24.49485694577044	0.0654163599326559
5.3887819754937	0.1105079959	2.793981603	-0.0275115524	1.534145326e-06	-0.001789449714	0.003432511585	14.192578099999999	sub-21104_ses-2_run-01_dwi.nii.gz	-0.354444	-0.928424	-0.111352	2000.0	31.574884337288683	110.2002537987166	1.0	31.57667359536407	31.598313946372382	0.1740155740906469	31.598313946372382	31.574884337288683	0.060388752613693
5.920772946033701	0.1575337646	-2.773525821	-0.02034452335	0.003626762191	-0.001327327336	0.001538407523	47.4117167	sub-21104_ses-2_run-01_dwi.nii.gz	0.324225	0.85127	-0.412575	3000.0	24.13040217668904	110.2002537987166	1.0	24.106379440665155	24.137722133365703	0.2227748376078126	24.137722133365703	24.13040217668904	0.0671786093587749
4.66930014591	0.129033839	1.245170674	0.03029761541	-0.006384815555	-0.002673865529	0.001609523315	-14.89584798	sub-21104_ses-2_run-01_dwi.nii.gz	0.354905	0.929186	0.103224	1000.0	48.67464626746367	110.2002537987166	1.0	48.72907722348199	48.753066386096094	0.1139793359658616	48.753066386096094	48.67464626746367	0.0532315438083161
0.73551292796	0.1636178139	0.867387217	0.04042020407	-0.002694536	-0.002399813151	0.00390564953	21.543406850000004	sub-21104_ses-2_run-01_dwi.nii.gz	-0.799898	-0.571354	0.183624	3000.0	24.30264445802107	110.2002537987166	1.0	24.28488662131519	24.30888335670052	0.2207977554873449	24.30888335670052	24.30264445802107	0.0645272750506949
1.24851218168	0.1269265982	-0.03952023549	-0.01458655782	-0.004031838384	-0.003664807649	0.00150981138	-11.41559361	sub-21104_ses-2_run-01_dwi.nii.gz	0.167712	-0.53658	0.827016	3000.0	24.38897325498828	110.2002537987166	1.0	24.37872826908541	24.39786106412401	0.2189401744512928	24.39786106412401	24.38897325498828	0.0641924847953481
1.30725518884	0.09667255586	-0.4114655424	-0.3111791438	0.006410453003	-0.002449392341	0.0009982530028	12.4605553	sub-21104_ses-2_run-01_dwi.nii.gz	0.383669	0.787159	-0.482886	500.0	66.23959179033788	110.2002537987166	1.0	66.34994016124969	66.38082266647085	0.0848974467002262	66.38082266647085	66.23959179033788	0.0498085863856999
1.7862445611649995	0.1445282859	0.7267285754	-0.09804311698	0.0008941267151	-0.001880130963	0.002653839067	-24.7501817	sub-21104_ses-2_run-01_dwi.nii.gz	-0.20349	0.443962	0.872634	3000.0	24.87109360734795	110.2002537987166	1.0	24.854697656840514	24.8802333212992	0.2141438573239958	24.8802333212992	24.87109360734795	0.063962891710625
0.6303087984	0.1063545009	1.150606861	-0.059606979	-0.0009362622513	-0.002104588086	0.003195404774	5.3765339	sub-21104_ses-2_run-01_dwi.nii.gz	0.322499	-0.860473	-0.394437	2000.0	31.525855532645988	110.2002537987166	1.0	31.52978835978836	31.55131284270516	0.1726951375040488	31.55131284270516	31.525855532645988	0.0599534272330722
2.404133898915	0.1832742853	-0.7084137354	-0.1454360576	0.00551171694	-0.001118532731	0.00298215053	26.1678554	sub-21104_ses-2_run-01_dwi.nii.gz	-0.432362	0.144236	0.890089	3000.0	24.77840958397597	110.2002537987166	1.0	24.766191106072057	24.78771733062155	0.2151519845338809	24.78771733062155	24.77840958397597	0.0637169551306344
1.2228865551499999	0.1125604997	-0.1757132368	0.05569481485	-0.001025309437	-0.00145393319	0.001487749396	13.7054607	sub-21104_ses-2_run-01_dwi.nii.gz	0.41498	0.8939	0.169513	3000.0	24.311457688309314	110.2002537987166	1.0	24.28983560090703	24.31771073220882	0.2192581440547009	24.31771073220882	24.311457688309314	0.0661679941747556
2.2513497368450004	0.06799466347	1.740138154	-0.1197873354	0.0003310739703	-0.001761227963	0.002133078407	-6.051612349999999	sub-21104_ses-2_run-01_dwi.nii.gz	0.322015	-0.860156	-0.395521	1000.0	48.516928539558215	110.2002537987166	1.0	48.55999118165785	48.5910421637901	0.1144502992290013	48.5910421637901	48.516928539558215	0.0532114154592537
4.294256713595001	0.02193657284	-1.949788678	-0.04637172907	0.00617728522	0.001534220413	0.002688542474	65.22020789	sub-21104_ses-2_run-01_dwi.nii.gz	-0.51192	0.796512	0.321724	3000.0	24.374796447074328	110.2002537987166	1.0	24.355711766187955	24.383819147803624	0.2190091162623412	24.383819147803624	24.374796447074328	0.0666624549772952
3.593637460404	0.01926330613	1.127358496	-0.009195380281	-0.001367259072	0.0004680039419	0.003610595129	0.0	sub-21104_ses-2_run-01_dwi.nii.gz	0.0	0.0	0.0	0.0	109.65003093411714	110.2002537987166	1.0	109.90292768959436	109.93211766375784	0.0518795494186867	109.93211766375784	109.65003093411714	0.0517257550508817
2.3585213758640005	0.124940221	-0.7986337591	-0.1531942832	-0.001159940613	0.0006473004469	0.0003401440335	-16.0835556	sub-21104_ses-2_run-01_dwi.nii.gz	0.522888	0.398116	-0.753719	3000.0	24.235069776460712	110.2002537987166	1.0	24.22842907533384	24.244123279584173	0.2196293806116993	24.244123279584173	24.235069776460712	0.0643965260875014
1.181010167575	0.04298839459	-0.2057769651	-0.2264214196	0.003644557437	-0.003019766649	0.0001522209641	5.4493277	sub-21104_ses-2_run-01_dwi.nii.gz	0.762177	0.526389	0.376831	2000.0	31.93417069889212	110.2002537987166	1.0	31.942159863945577	31.961637791909624	0.1692645942533611	31.961637791909624	31.93417069889212	0.0586913839204672
1.3395995818139999	0.02808089907	-0.6453705751	-0.001818909006	-0.002381361322	0.0009873070521	0.003329147818	-9.72962491	sub-21104_ses-2_run-01_dwi.nii.gz	-0.590503	0.806497	-0.0294679	3000.0	24.204044166188435	110.2002537987166	1.0	24.19196837994457	24.212701646481925	0.2200028062401868	24.212701646481925	24.204044166188435	0.0657740494536409
0.5537526877910002	0.05638388009	-0.8357924702	0.0374909619	-0.001439558691	-0.0005110503407	-0.0001450509735	-13.3963195	sub-21104_ses-2_run-01_dwi.nii.gz	0.710393	0.691697	0.129988	3000.0	24.303459022695648	110.2002537987166	1.0	24.29208994708995	24.31155843215624	0.2196173200237072	24.31155843215624	24.303459022695648	0.0653562652766666
1.807063140995	0.07358787177999998	0.5300672027	0.006201294005	-0.00518114306	0.001016779221	0.002439731266	4.0401879	sub-21104_ses-2_run-01_dwi.nii.gz	-0.759685	-0.524969	-0.383778	1000.0	48.95147198415887	110.2002537987166	1.0	48.99979276895944	49.02482060570952	0.1141083150590154	49.02482060570952	48.95147198415887	0.0515110457336694
3.2970238469000006	0.06662912893	-2.549766962	0.01464625858	-0.002811400918	-0.0003894625115	0.002179995645	26.6598269	sub-21104_ses-2_run-01_dwi.nii.gz	0.0801492	0.974375	0.210164	3000.0	24.457241744811896	110.2002537987166	1.0	24.439472789115648	24.46458126609525	0.2186125155225309	24.46458126609525	24.457241744811896	0.0670689557912734
4.745426883455	0.02265548741	1.857645837	-0.03370495837	0.0001940959337	0.0002983858867	0.0009595563752	44.47839296	sub-21104_ses-2_run-01_dwi.nii.gz	0.102052	-0.884628	-0.454992	500.0	67.07707862560493	110.2002537987166	1.0	67.17426051902243	67.19910256657808	0.0835791746414877	67.19910256657808	67.07707862560493	0.0492354258636735
3.2139542768950005	0.02225396375	-1.298729802	-0.03215999213	-0.0002242069022	0.0006991430419	0.001253139344	16.7084725	sub-21104_ses-2_run-01_dwi.nii.gz	0.996221	0.0522045	0.0694106	3000.0	24.624635211866067	110.2002537987166	1.0	24.60680461073318	24.62900532895709	0.2164912651497895	24.62900532895709	24.624635211866067	0.0641611210401032
1.5813560984189998	0.0503603367	-0.1087830609	-0.007783492026	0.003731601173	0.00195735693	0.002817647066	-7.202792199999999	sub-21104_ses-2_run-01_dwi.nii.gz	-0.034405	0.697937	0.715333	3000.0	24.831200089190023	110.2002537987166	1.0	24.809438775510205	24.83935632289785	0.2144271598296677	24.83935632289785	24.831200089190023	0.0655023979448369
1.1040120308849999	0.004656580889	0.3846292515	-0.0162566963	-0.003133242251	-0.001060969546	0.001572361798	-18.2099348	sub-21104_ses-2_run-01_dwi.nii.gz	0.991553	-0.0344675	0.125036	2000.0	31.829555168244923	110.2002537987166	1.0	31.83959372637944	31.856558261856044	0.170139785139133	31.856558261856044	31.829555168244923	0.0575832608806794
1.5546025655609998	0.04654589797	-0.9235126082	-0.0732807364	-0.0007682599244	-0.001637456007	0.001581839984	10.8284792	sub-21104_ses-2_run-01_dwi.nii.gz	0.286842	0.627444	0.723903	3000.0	24.707842877038413	110.2002537987166	1.0	24.69377425044092	24.71574960909185	0.2154228798226543	24.71574960909185	24.707842877038413	0.0652148550056944
1.71444779661	0.01528125646	0.626011475	-0.04726986193	0.0005560220452	-0.00084458536	0.001546028652	-27.5524947	sub-21104_ses-2_run-01_dwi.nii.gz	0.991804	-0.0341414	0.123119	1000.0	49.07082180722024	110.2002537987166	1.0	49.13184555303603	49.15065027043544	0.1127894912372089	49.15065027043544	49.07082180722024	0.0507903743549817
2.1956365582200004	0.05367843176	-1.250784208	-0.02808350642	-0.002137158532	-0.003035770729	0.001886809594	1.01933105	sub-21104_ses-2_run-01_dwi.nii.gz	-0.0726361	0.993874	-0.083296	3000.0	24.30036504885745	110.2002537987166	1.0	24.289007936507936	24.30924254583664	0.2186265967940851	24.30924254583664	24.30036504885745	0.0664931491160436
1.4623130156800004	0.07937960932	-0.06362660324	-0.08771864307	0.0001505031832	-0.003728474723	0.001070793369	-7.2377358	sub-21104_ses-2_run-01_dwi.nii.gz	0.520186	0.739727	0.426862	3000.0	24.47135323958336	110.2002537987166	1.0	24.456273620559333	24.478948749627254	0.2174111365417717	24.478948749627254	24.47135323958336	0.0650074054338288
1.049094337475	0.07540980653	0.4574716987	-0.02011139211	-0.005156632513	-0.0008905720315	0.002054134617	-5.6201513	sub-21104_ses-2_run-01_dwi.nii.gz	0.0565846	-0.0849072	0.994781	2000.0	31.85629506016156	110.2002537987166	1.0	31.866073318216177	31.88175970609064	0.1702835777810312	31.88175970609064	31.85629506016156	0.0579383551905302
2.2365039547950003	0.06863812525	-1.494250557	-0.0732972271	-0.001397201442	-0.001290877466	0.001717387466	-12.3698428	sub-21104_ses-2_run-01_dwi.nii.gz	-0.353765	0.703348	0.616565	3000.0	24.645748045252294	110.2002537987166	1.0	24.635403124212647	24.65618576346669	0.2156090796360287	24.65618576346669	24.645748045252294	0.0656650031747618
2.83377150347	0.03152473583	1.076222212	-0.07645052973999998	0.0007323528989	-0.0002023547859	0.0004748236388	-21.7745343	sub-21104_ses-2_run-01_dwi.nii.gz	0.0564775	-0.0850338	0.994776	1000.0	49.04893156394424	110.2002537987166	1.0	49.11047808012093	49.12884211373176	0.1132061179906817	49.12884211373176	49.04893156394424	0.0519320491168883
0.6240503781900001	0.02511623198	0.7585404415	-0.01823236633	-0.002484916477	-0.0006633879384	0.001631359919	-17.710312	sub-21104_ses-2_run-01_dwi.nii.gz	-0.580528	-0.504119	-0.639415	3000.0	24.703053251816343	110.2002537987166	1.0	24.68993386243386	24.71138069790853	0.2167118024770163	24.71138069790853	24.703053251816343	0.0638182920250848
0.909274214615	0.08539980918999998	0.3835560899	-0.1932545187	0.002351479605	-0.0007378312293	0.0005625166232	-19.7919801	sub-21104_ses-2_run-01_dwi.nii.gz	-0.771332	-0.371556	0.516713	3000.0	24.59969092928116	110.2002537987166	1.0	24.587045855379188	24.60797614027483	0.2166750115596938	24.60797614027483	24.59969092928116	0.0637990628099307
1.156901332715	-0.06409894898	-0.2979972249	-0.3557419321	0.004140550271	-0.0002220579772	0.001524909632	0.0	sub-21104_ses-2_run-01_dwi.nii.gz	0.0	0.0	0.0	0.0	108.81140186826272	110.2002537987166	1.0	109.05840513983372	109.09677491833372	0.051751327852476	109.09677491833372	108.81140186826272	0.0518327686111621
1.3898944908945	0.09466208191	0.5408240101	-0.1115378654	0.002911068033	-6.24895838e-05	-4.820290269e-05	-26.0037857	sub-21104_ses-2_run-01_dwi.nii.gz	0.857106	0.0508459	-0.512625	3000.0	24.63644422653089	110.2002537987166	1.0	24.630000629881582	24.644606737928022	0.2165902787184545	24.644606737928022	24.63644422653089	0.0634728074690131
0.9238906717245	0.02897976951	0.9366582029	-0.03376308746	-0.00309208245	-0.001022943063	0.0006801809068	-22.032649820000003	sub-21104_ses-2_run-01_dwi.nii.gz	0.757105	-0.630748	0.170144	2000.0	31.377951702688904	110.2002537987166	1.0	31.38851347946586	31.406405555753835	0.1724329537834112	31.406405555753835	31.377951702688904	0.0588540882790837
2.18191871755	0.1222720355	-0.9216999552	-0.1027421857	-0.0008885142743	-0.001514157164	0.0001491792791	-16.648699999999998	sub-21104_ses-2_run-01_dwi.nii.gz	0.324695	0.170019	-0.930412	3000.0	24.40681049830727	110.2002537987166	1.0	24.400981355505166	24.41525094430507	0.2180753073608292	24.41525094430507	24.40681049830727	0.0633176439287381
1.078683681165	0.07910130032	-0.09355086671000001	-0.09420408544	0.002373378491	-0.00129090366	-0.0003421895963	-21.7177479	sub-21104_ses-2_run-01_dwi.nii.gz	0.423452	0.312976	0.850138	3000.0	24.7866343370108	110.2002537987166	1.0	24.774650415721844	24.79445762735184	0.2143733906973563	24.79445762735184	24.7866343370108	0.0634252938827449
1.1164431172499996	0.06650254806	0.6786855231	-0.0183835076	-0.001752972719	-0.0003476090787	-0.0002960874408	-23.8600495	sub-21104_ses-2_run-01_dwi.nii.gz	0.757343	-0.630995	0.168157	1000.0	48.61566778001574	110.2002537987166	1.0	48.67705908289241	48.694850856780846	0.1139734873064611	48.694850856780846	48.61566778001574	0.0519444853291049
0.68494336181	0.1017348157	0.8614888024	0.1298217292	-0.006288941018	-0.001522951992	0.0003666529083	13.639183899999999	sub-21104_ses-2_run-01_dwi.nii.gz	0.15205	-0.886011	-0.438025	3000.0	24.6130361089987	110.2002537987166	1.0	24.60226946334089	24.62193088015585	0.2176675489339449	24.62193088015585	24.6130361089987	0.0649038182557059
2.589601216235	0.0839455519	-1.115528874	-0.1184869837	-0.001633787761	-0.0008582328445999999	-0.00124318595	31.9941096	sub-21104_ses-2_run-01_dwi.nii.gz	-0.854266	0.153473	0.496664	500.0	67.30014602955357	110.2002537987166	1.0	67.40143613000755	67.43891225480903	0.0834625228986134	67.43891225480903	67.30014602955357	0.0491616562398114
1.54293377672	0.09506481199	0.05298624753	-0.07958637090999998	0.001562595251	-0.0001056465044	0.001295820344	-11.091005599999999	sub-21104_ses-2_run-01_dwi.nii.gz	-0.776729	0.606056	0.171431	3000.0	24.38603554465196	110.2002537987166	1.0	24.372038926681785	24.394508832129866	0.2186350313149373	24.394508832129866	24.38603554465196	0.0654316240327906
1.2841178398389999	0.04481024465	0.7457899677999998	0.008179098589	-0.002901161322	-0.00212529907	-0.001286652172	-22.8670218	sub-21104_ses-2_run-01_dwi.nii.gz	0.937796	-0.215874	0.271915	3000.0	24.523200613203084	110.2002537987166	1.0	24.506584782060973	24.528672358944885	0.2181344326570101	24.528672358944885	24.523200613203084	0.0639452126007541
0.829516135982	0.1352682333	1.03194934	-0.005767189838	-0.001206667745	0.00268184091	0.0009907640051	-5.7208589	sub-21104_ses-2_run-01_dwi.nii.gz	-0.827399	-0.49172	0.271334	2000.0	31.68742280552949	110.2002537987166	1.0	31.68651801461325	31.71482788278265	0.171502035658849	31.71482788278265	31.68742280552949	0.058391783165325
2.697025629002	0.09109764775	-1.251832628	-0.1130176255	-0.0002803648822	0.0009555760771	-0.001593121095	6.896158659999999	sub-21104_ses-2_run-01_dwi.nii.gz	-0.0133128	0.210329	-0.97754	3000.0	24.436738105503395	110.2002537987166	1.0	24.42210191484001	24.443925298593367	0.2184803347558074	24.443925298593367	24.436738105503395	0.0636997707376921
1.94694180398	0.1057825526	0.1156964955	-0.2278782111	0.007283746731	0.0004328397627	-0.002503616968	-8.2948034	sub-21104_ses-2_run-01_dwi.nii.gz	0.825501	0.490552	-0.279117	1000.0	48.73996915940826	110.2002537987166	1.0	48.80442932728647	48.82306979044168	0.1137929753894065	48.82306979044168	48.73996915940826	0.0521213437821633
1.357419689765	0.1087537236	-0.6550191272	-0.1400482398	0.001352967229	-0.001625100966	-0.0005742787034	10.9858763	sub-21104_ses-2_run-01_dwi.nii.gz	-0.273968	0.786668	-0.553259	3000.0	24.17743793452538	110.2002537987166	1.0	24.16489732930209	24.185004506748346	0.2200933173404605	24.185004506748346	24.17743793452538	0.0655076154123748
1.09061570989643	5.697990796e-05	3.644260025e-05	2.315482164e-05	2.228361154e-05	9.474626859e-05	0.0001110304802	0.0	sub-21104_ses-2_run-01_dwi.nii.gz	0.0	0.0	0.0	0.0	109.13900562015812	110.2002537987166	1.0	109.40700239355002	109.42670465215728	0.0521236483104249	109.42670465215728	109.13900562015812	0.051598007682517
